{
    "left_camera": {
        "idx": 3,
        "fpx": 1681.0082634475177,
        "center": [
            642.3914164291211,
            343.2533823311402
        ]
    },
    "right_camera": {
        "idx": 1,
        "fpx": 1594.7660717989959,
        "center": [
            724.5442765808069,
            358.38416288635915
        ]
    },
    "separation": 16,
    "stereo_map_file": "./stereo_config/stereoMap_high_resolution.xml",
    "depth_to_pixel_size": 0.001315666666666666,
    "show_images": true,
    "save_images": true,
    "save_path": "./videos/",
    "resolution": [
        1280,
        720
    ]
}